{"Version":2,"SourceFileDate":133268934755820855,"Flags":["FL_BITMAP_COMPRESSION","FL_BITMAP_MIPMAP","FL_BITMAP_QUALITY_HIGH","FL_BITMAP_PRECOMPUTED_INV_AVG"],"InvAvgColor":[1.1343680620193481,1.8786081075668335,36.940475463867188],"HasTransp":true}