{"Version":2,"SourceFileDate":134148973503437400,"Flags":["FL_BITMAP_COMPRESSION","FL_BITMAP_MIPMAP","FL_BITMAP_QUALITY_HIGH","FL_BITMAP_PRECOMPUTED_INV_AVG"],"InvAvgColor":[1.2350393533706665,2.0451374053955078,40.023040771484375],"HasTransp":true}