{"Version":2,"SourceFileDate":134148973503497696,"Flags":["FL_BITMAP_COMPRESSION","FL_BITMAP_MIPMAP","FL_BITMAP_QUALITY_HIGH","FL_BITMAP_PRECOMPUTED_INV_AVG"],"InvAvgColor":[1.2663077116012573,2.0968968868255615,41.089019775390625]}