{"Version":2,"SourceFileDate":133253952505808972,"Flags":["FL_BITMAP_COMPRESSION","FL_BITMAP_MIPMAP","FL_BITMAP_QUALITY_HIGH","FL_BITMAP_PRECOMPUTED_INV_AVG"],"InvAvgColor":[1.2327132225036621,2.0432078838348389,39.916236877441406],"HasTransp":true}